seq4,count
TGGG,393574
CCCA,388073
CAGG,354453
CCTG,350129
CTGG,327412
CCAG,323438
CTTT,264790
AAAG,260626
AGGG,253883
CCCT,252253
CCTT,246710
TGTG,245037
AAGG,245013
TTTG,243344
TTGG,242200
CACA,239188
CCAT,237197
ATGG,235490
CCAA,232219
CAAA,230797
CTTG,220608
CAAG,219006
CATG,217757
GAGG,211278
TGAG,205944
CTCA,205323
CCTC,204647
TTTT,201740
CATT,200662
AAAA,199177
AATG,194050
GGGG,181327
TTTA,180516
CCCC,180344
TATA,180215
TGTT,179936
AACA,179803
GTGG,178795
TAAA,178429
TAGG,175772
CCTA,175562
CCAC,174128
CAGA,171931
CTCT,170365
TGTA,169747
TCTG,169397
TACA,168695
AGAG,168617
TGCA,161908
CATA,159884
CTCC,159873
TATG,159812
ATTT,159788
AAAT,159687
GGAG,159592
TATT,158249
ACAG,158010
AATA,157879
TTCA,156826
CTGT,156603
AGTG,154931
TGAA,154565
TCAG,153313
CACT,153208
GGTG,150533
CTTC,150448
CACC,149967
TAAG,149553
CTTA,149444
GAAG,148318
CTGA,148227
ATTG,138075
TCCA,134465
CAAT,134183
CTAG,132841
TCTT,132128
TGGA,132116
TTCC,131870
CAGT,131653
CAGC,131099
GCTG,130611
AAGA,130436
TGCC,129805
AAAC,129765
TTTC,129059
GGCA,128935
GTTT,128836
ACTG,127766
ATTA,127723
GAAA,127527
TAAT,125944
ATCA,125926
TGCT,124941
TGGC,124835
AGCA,124718
GCCA,124356
GGAA,124121
TGAT,123930
GACA,120979
AGGC,120183
TTCT,120122
CTGC,119521
GCAG,119333
GCCT,119147
CATC,118982
ATTC,118947
TGTC,118912
GATG,118717
AGAA,118598
TTAG,116319
AGCC,115616
TGGT,114824
CTAA,114717
GGCT,114323
ACCA,112939
ATAG,111439
TCCT,111086
AGGA,109917
CTAT,109800
TCCC,106703
GGGA,106646
TCTC,105498
GAAT,105419
GAGA,105168
TAGA,103938
ATGT,103833
ACAT,102444
TCTA,100940
GTTG,99315
AGGT,98971
ATAT,98610
TTGT,97681
ACCT,97418
CAAC,97119
GGTT,97054
GGCC,97034
AAGT,96832
AACC,96692
AGTA,95338
AACT,95311
ACTT,95281
TACT,95255
ACAA,95013
TTAT,94932
AGTT,94531
ATAA,94305
AATT,92560
TCAT,91488
AGCT,90325
ATGA,89917
ATCT,89514
TACC,88678
GGTA,88350
AGAT,88232
AAGC,87556
GCTT,87421
GATA,86789
TATC,86304
GGAT,83293
ATCC,83236
GTTA,80668
TAAC,80220
GTCA,79726
TGAC,78742
TTGA,77764
TTAA,77427
AGAC,77330
GGGT,76607
TCAA,76415
GGGC,76340
GCCC,75739
GTCT,75689
ACCC,75426
GATT,75370
AATC,74509
AGTC,72982
GTAG,72892
GTGT,71563
GACT,71361
ACTA,71328
GGTC,71194
TAGT,70978
CTAC,70777
GACC,70720
GTGA,70569
ACAC,69769
TCAC,68998
ATGC,68844
TAGC,68823
ACTC,68669
GCTA,68109
GCAT,68037
GAGT,67634
GTTC,66574
GAAC,65709
CGGG,65234
CCCG,62949
TTGC,62683
GCAA,61682
GAGC,59971
GCTC,58080
GTAT,57724
ATAC,57677
GTCC,56327
GGAC,56025
GATC,52472
CGTG,51647
CACG,50747
TTAC,48772
GTAA,48260
GTGC,48172
GCAC,46923
CTCG,41129
CGAG,39773
CGTT,39701
AACG,34881
CGCC,34299
GGCG,34271
GTAC,30217
TTCG,28581
CGAA,25740
GCCG,24113
ATCG,24043
CGGC,23807
AGCG,23685
CGCT,23316
CGTA,22912
CGAT,22899
GACG,22786
CGTC,22621
TGCG,21791
TACG,21457
CGCA,21175
CCGG,20051
CGGT,19951
ACCG,19889
TCCG,16452
CGGA,16154
ACGG,13996
TCGG,13785
CCGT,13488
CCGA,13353
CCGC,12060
GCGG,11903
CGAC,11758
GTCG,11711
ACGT,7603
CGCG,7401
TCGT,6259
TCGA,6029
ACGA,5453
GCGT,5312
ACGC,5191
GCGC,4988
TCGC,4225
GCGA,4055
CNCA,998
TGNG,939
CNTT,936
AANG,929
TTNG,869
CNAA,868
CANG,868
CNTG,856
CTNG,832
CNAG,796
AANA,709
ATNG,696
AGNG,694
TNTT,671
CNAT,657
CNCT,653
CANA,620
TANG,618
TNAA,593
TNTG,589
CNTA,588
CNNG,585
ANAG,582
GANG,578
CTNT,578
TTNT,572
TTNA,570
ANAA,569
CNCC,561
TNNG,555
CNTC,554
CCNG,554
TNCA,549
TNTA,533
GGNG,529
TANA,526
TGNA,523
CNNA,518
CCNA,506
CNGG,503
CNNT,497
ANTG,494
ANNG,489
CTNA,485
ATNT,485
CTNC,484
ATNA,482
TNAG,478
TNAT,476
GNAG,472
GTNG,465
ANCA,462
ANAT,458
CNAC,456
TNNA,455
AGNC,454
TGNT,453
GANA,451
GNCA,450
AANC,447
GNCT,444
TNCT,440
TTNC,440
CANT,440
GNTG,437
TNGG,436
ANTT,433
CCNT,432
GNAA,431
GNTT,422
ANGG,420
AGNA,420
TGNC,419
TCNG,417
ANNA,415
TNTC,413
CANC,412
AANT,411
ANCT,409
CNGA,400
TNNT,397
GNNG,387
CNNC,383
AGNT,371
ANNT,369
TANT,362
GNAT,359
ATNC,348
GNGG,339
GGNA,339
ANTA,337
TNCC,329
ACNG,329
GTNT,325
TNNC,320
ANCC,317
GNNA,315
ANTC,313
GNTA,310
ANAC,308
ANNC,304
TCNT,304
GANT,303
CCNC,301
GGNT,300
CNGT,298
TNGA,290
TNAC,289
GNNT,287
CNGC,284
TANC,282
GCNG,273
GGNC,273
GANC,268
GTNA,261
TCNA,256
GNCC,254
ANGA,251
GNGA,245
TCNC,240
TNGT,228
GNTC,225
GNAC,223
GTNC,220
GNNC,214
ANGT,211
ACNA,205
ANGC,197
ACNT,196
GCNA,182
CNCG,177
GCNT,177
TNGC,176
ACNC,175
GNGT,164
CGNG,150
AAAN,146
CCAN,139
GNGC,137
NTTT,130
NTGG,130
GCNC,129
CAGN,125
NAAG,113
CAAN,109
CTTN,108
CATN,107
NAAT,106
NTTG,104
NCAG,101
NTGT,100
GTGN,96
NAGG,96
NATG,95
CCTN,95
NTTC,94
GAAN,93
AATN,93
NATT,92
NGAG,91
NCTG,89
GAGN,88
CTGN,86
GTTN,85
ATTN,85
NAAA,84
CGNT,83
TTTN,81
ANCG,80
AAGN,78
ACAN,77
CTCN,77
NCTT,76
CGNC,75
CCCN,75
NAGC,74
NCTC,71
NGTG,70
NAAC,70
GNCG,70
TNCG,69
NTAG,69
NGGG,67
ATAN,66
CACN,66
NAGT,65
CTAN,65
ATGN,65
NTCT,64
NCAT,64
ATCN,63
AGAN,62
NTGC,60
TTAN,60
NTAT,60
GCAN,60
GATN,60
NCAC,59
TAAN,59
CGNA,57
GGAN,57
TATN,57
AGGN,57
GTAN,55
NATA,55
AACN,54
NGAA,52
NTAC,51
NATC,50
NGAT,49
NGGC,48
TGAN,48
NTAA,48
NGTT,48
TCAN,48
TTCN,47
GCTN,46
NTTA,46
NAGA,45
ACTN,45
NTCC,44
GCCN,44
NCCT,44
NGGT,43
TCCN,42
GTCN,42
TCTN,41
NTGA,40
TTGN,40
AGTN,40
TGGN,39
TGTN,39
NACA,39
GACN,38
NCCA,37
NCTA,36
NCAA,36
GGTN,36
ACCN,36
NCCC,36
NGCT,33
GGGN,33
NTCA,33
TAGN,32
NGTC,31
NGTA,31
AGCN,30
NGCA,28
TACN,27
TGCN,26
NGAC,26
NGCC,26
NACT,25
GGCN,24
NGGA,24
NACC,19
NNAG,18
AANN,17
CCGN,17
NCGG,15
CANN,14
CTNN,13
NNTG,13
GCGN,13
NCGT,11
CCNN,11
TGNN,10
TANN,10
NNCA,10
NCGA,9
NTCG,8
NNTA,8
CGTN,8
NCGC,8
TCGN,7
CGAN,7
TCNN,6
NNAA,6
NNAT,6
ACGN,6
NNGG,6
NNTT,5
NACG,5
ACNN,4
CGCN,4
NCCG,3
NNGA,3
NNGT,3
NGCG,3
ATNN,2
NNCG,2
NTGN,2
NGTN,1
TTNN,1
NAAN,1
NCTN,1
NNCT,1
NGGN,1
AGNN,1
NTAN,1
NTCN,1
NGAN,1
